date,SHY,IEI,IEF,TLT
2002-07-31,81.26,,82.52,82.53
2002-08-31,81.61,,84.6,87.08
2002-09-30,82.2132,,87.8579,90.7826
2002-10-31,82.4138,,86.7611,87.4327
2002-11-30,82.0954,,84.9498,86.6331
2002-12-31,82.9602,,87.9647,90.5552
2003-01-31,82.8997,,87.2908,90.0337
2003-02-28,83.2245,,89.2148,92.8215
2003-03-31,83.3735,,88.8755,91.5546
2003-04-30,83.5076,,88.998,92.5155
2003-05-31,83.812,,92.3713,98.3618
2003-06-30,83.9514,,91.7337,96.5881
2003-07-31,83.5266,,86.7115,86.9494
2003-08-31,83.488,,86.8402,88.0848
2003-09-30,84.2863,,90.6274,93.3182
2003-10-31,83.9423,,88.826,90.4909
2003-11-30,83.8918,,88.8475,90.7998
2003-12-31,84.459,,89.8053,92.0216
2004-01-31,84.5614,,90.7172,93.7339
2004-02-29,84.9707,,92.1801,95.8738
2004-03-31,85.2103,,93.3755,97.2263
2004-04-30,84.3053,,89.3174,91.1651
2004-05-31,84.3011,,88.843,90.9295
2004-06-30,84.2843,,89.4254,91.8901
2004-07-31,84.5193,,90.5088,93.2967
2004-08-31,85.1434,,93.0694,97.1825
2004-09-30,85.062,,93.3698,98.105
2004-10-31,85.3135,,94.2951,99.838
2004-11-30,84.8223,,92.4317,97.4488
2004-12-31,85.0191,,93.5114,100.0377
2005-01-31,84.9878,,94.3259,103.6076
2005-02-28,84.7687,,93.0357,102.0826
2005-03-31,84.7824,,92.6602,101.6189
2005-04-30,85.2237,,94.9914,105.5453
2005-05-31,85.5607,,96.7379,108.857
2005-06-30,85.771,,97.1983,111.2088
2005-07-31,85.4502,,95.0746,107.4531
2005-08-31,86.0138,,96.9767,111.1904
2005-09-30,85.7564,,95.2776,107.1756
2005-10-31,85.6862,,94.0982,104.777
2005-11-30,86.02,,94.6866,105.5002
2005-12-31,86.3207,,95.982,108.6475
2006-01-31,86.4713,,95.3071,107.1934
2006-02-28,86.5003,,95.2088,108.3818
2006-03-31,86.6512,,93.9167,103.4307
2006-04-30,86.8425,,93.3283,100.5842
2006-05-31,86.9874,,93.2304,100.3949
2006-06-30,87.1926,,93.4443,101.5763
2006-07-31,87.7719,,95.012,103.7617
2006-08-31,88.4319,,96.6879,106.9453
2006-09-30,88.8529,,97.7838,108.9689
2006-10-31,89.1905,,98.3803,109.9145
2006-11-30,89.6216,,99.6698,112.4497
2006-12-31,89.6794,,98.3988,109.4198
2007-01-31,89.8252,99.84,98.0049,108.3309
2007-02-28,90.4785,101.2703,100.0194,112.0031
2007-03-31,90.8863,101.6108,99.8804,110.0986
2007-04-30,91.1638,102.0392,100.4857,111.0943
2007-05-31,91.1026,101.1501,99.0859,108.5236
2007-06-30,91.5352,101.307,98.6245,107.4254
2007-07-31,92.3631,102.9671,100.8501,110.9883
2007-08-31,93.4817,104.8745,103.1337,112.9727
2007-09-30,93.8471,105.3677,103.225,113.23
2007-10-31,94.2956,106.2058,104.3364,115.2836
2007-11-30,95.9848,109.7399,108.5558,121.4456
2007-12-31,96.2716,110.0464,108.6072,120.6802
2008-01-31,97.8646,113.2689,112.252,123.2029
2008-02-29,98.8759,115.0277,113.6415,122.6392
2008-03-31,99.1207,115.9221,115.1623,125.2634
2008-04-30,98.2969,113.2607,112.3815,122.1643
2008-05-31,97.9564,111.8704,110.384,118.8743
2008-06-30,98.196,112.6954,111.6468,122.0265
2008-07-31,98.6221,113.5071,112.4521,121.579
2008-08-31,99.0815,114.619,114.1691,124.909
2008-09-30,99.8522,115.7613,114.0074,126.7483
2008-10-31,100.9542,117.4606,113.0209,124.3853
2008-11-30,102.0692,121.9808,121.7837,142.2222
2008-12-31,102.6406,124.1255,128.0557,161.6197
2009-01-31,102.1944,122.5354,123.078,140.4948
2009-02-28,102.0455,121.7563,122.171,138.3359
2009-03-31,102.5551,123.8945,126.2154,143.9285
2009-04-30,102.386,122.1843,122.75,133.9192
2009-05-31,102.4433,120.9923,120.2017,128.9733
2009-06-30,102.3466,120.202,119.5381,129.9554
2009-07-31,102.4593,120.8446,120.532,130.7053
2009-08-31,102.8785,121.8808,121.4557,133.6288
2009-09-30,103.1209,122.7731,122.8211,136.9152
2009-10-31,103.261,122.9456,122.6497,133.3282
2009-11-30,103.877,125.1722,125.1263,134.9477
2009-12-31,103.0025,122.0176,119.6183,126.3857
2010-01-31,103.8219,124.1,122.4535,129.7882
2010-02-28,103.9886,124.5942,122.8538,129.3476
2010-03-31,103.7084,123.6204,121.5612,126.6862
2010-04-30,104.0192,124.7687,123.5709,130.8952
2010-05-31,104.4909,126.6635,127.197,137.5825
2010-06-30,104.9281,129.0247,131.0736,145.5556
2010-07-31,105.1313,130.4275,132.2664,144.1768
2010-08-31,105.3818,132.3168,136.7067,156.2823
2010-09-30,105.5065,132.942,136.7053,152.3533
2010-10-31,105.7386,133.7184,136.6959,145.5472
2010-11-30,105.5216,132.4361,135.4682,143.091
2010-12-31,105.3488,129.7302,130.8294,137.8185
2011-01-31,105.4867,130.511,130.8015,133.5721
2011-02-28,105.3583,129.9569,130.531,135.7785
2011-03-31,105.221,129.6131,130.3295,135.8169
2011-04-30,105.7834,131.6693,132.7288,138.9907
2011-05-31,106.1686,133.803,136.0552,143.7473
2011-06-30,106.1636,133.6073,135.3667,140.4011
2011-07-31,106.4679,136.3193,139.6575,146.5995
2011-08-31,106.8348,138.8123,146.1525,160.767
2011-09-30,106.7268,139.2285,149.4194,181.9875
2011-10-31,106.7632,139.1992,147.495,175.0067
2011-11-30,106.8113,139.5133,148.3471,178.4735
2011-12-31,106.8663,140.5033,151.2965,184.6207
2012-01-31,106.9548,141.3898,152.6006,184.0117
2012-02-29,106.8046,140.5092,150.923,179.2375
2012-03-31,106.7226,139.6904,148.5217,171.6484
2012-04-30,106.9382,141.3558,152.2481,179.9437
2012-05-31,106.9986,142.5474,156.6178,196.1876
2012-06-30,106.8945,142.2653,155.9665,192.8854
2012-07-31,107.1304,143.2571,158.1508,200.2438
2012-08-31,107.1379,143.4316,157.9665,197.6041
2012-09-30,107.1551,143.3944,157.4166,192.5992
2012-10-31,107.0812,142.9227,156.7932,191.665
2012-11-30,107.1349,143.6804,158.3293,194.314
2012-12-31,107.1614,143.1011,156.8391,189.4783
2013-01-31,107.1741,142.5436,154.811,183.4428
2013-02-28,107.2385,143.4103,156.565,185.7208
2013-03-31,107.2745,143.5584,157.0133,184.9394
2013-04-30,107.3482,144.3679,159.407,193.6007
2013-05-31,107.2042,142.4269,154.4566,180.507
2013-06-30,107.0988,140.5737,150.523,174.6
2013-07-31,107.2732,140.9252,149.9925,170.6562
2013-08-31,107.1695,139.8377,147.8602,168.3769
2013-09-30,107.408,141.5293,150.5911,169.4808
2013-10-31,107.4824,142.2354,151.7634,171.906
2013-11-30,107.583,142.2543,150.4355,167.2637
2013-12-31,107.3919,140.465,147.2915,164.1418
2014-01-31,107.6083,142.2671,151.8034,174.4872
2014-02-28,107.6501,142.4752,152.345,175.3956
2014-03-31,107.5334,141.5049,151.4888,176.6774
2014-04-30,107.6496,142.2009,152.6375,180.3835
2014-05-31,107.842,143.4337,155.423,185.6997
2014-06-30,107.7561,143.214,155.088,185.2363
2014-07-31,107.673,142.5469,154.7471,186.4703
2014-08-31,107.873,143.8417,157.6544,195.2745
2014-09-30,107.7941,143.0991,156.0015,191.1573
2014-10-31,108.0751,144.4763,158.3956,196.5365
2014-11-30,108.1881,145.4541,160.4361,202.3685
2014-12-31,107.8716,144.9151,160.6436,208.9484
2015-01-31,108.5486,148.2681,167.5549,229.4582
2015-02-28,108.233,146.2902,163.4136,215.3749
2015-03-31,108.5028,147.4416,164.8146,217.7355
2015-04-30,108.5369,147.2887,163.7698,210.2721
2015-05-31,108.582,147.1888,163.0897,205.2894
2015-06-30,108.6163,146.508,160.4311,196.9352
2015-07-31,108.6646,147.4924,162.8692,205.8943
2015-08-31,108.6108,147.4262,162.9974,204.4707
2015-09-30,108.931,149.0335,165.5705,208.4886
2015-10-31,108.7769,148.3186,164.5162,207.6349
2015-11-30,108.4962,147.7043,163.8133,205.8347
2015-12-31,108.3347,147.2869,163.0688,205.214
2016-01-31,109.041,150.4462,168.5049,216.6507
2016-02-29,109.1633,151.2743,171.0097,223.3379
2016-03-31,109.3135,151.6403,170.8991,223.1377
2016-04-30,109.3529,151.4289,170.6329,221.4937
2016-05-31,109.223,151.1012,170.4646,223.2826
2016-06-30,109.8806,153.8436,175.7323,238.7639
2016-07-31,109.8295,153.9332,176.1604,243.7781
2016-08-31,109.573,152.8261,174.38,241.3126
2016-09-30,109.715,153.3505,174.7944,237.6724
2016-10-31,109.6617,152.3926,172.1821,227.2623
2016-11-30,109.1458,149.0589,164.9031,208.5953
2016-12-31,109.2236,149.0911,164.7089,207.6345
2017-01-31,109.34,149.5292,165.0704,209.3251
2017-02-28,109.3801,149.9205,166.2658,212.6452
2017-03-31,109.4495,150.0816,166.401,211.2589
2017-04-30,109.6548,151.0746,168.2443,214.5771
2017-05-31,109.735,151.7329,169.6363,218.6315
2017-06-30,109.6489,151.2599,168.7715,220.3627
2017-07-31,109.8528,151.8264,169.4055,218.9128
2017-08-31,110.0749,152.9806,171.8745,226.3709
2017-09-30,109.8694,151.7659,169.3983,221.1154
2017-10-31,109.7685,151.4809,169.0782,221.0316
2017-11-30,109.5318,150.9207,168.6064,222.6723
2017-12-31,109.5092,150.9079,168.9165,226.6982
2018-01-31,109.1957,149.0672,165.2844,219.3179
2018-02-28,109.0862,148.518,163.7436,212.6532
2018-03-31,109.3561,149.4129,165.6355,218.7313
2018-04-30,109.0999,148.2689,163.5209,214.1638
2018-05-31,109.4844,149.3641,165.1342,218.4584
2018-06-30,109.5323,149.36,165.462,219.8713
2018-07-31,109.4664,148.9398,164.5884,216.7123
2018-08-31,109.8461,149.9535,166.2579,219.5503
2018-09-30,109.6893,148.9577,164.2547,213.2739
2018-10-31,109.8572,149.0571,163.7581,207.027
2018-11-30,110.275,150.2864,165.9362,210.726
2018-12-31,111.1131,152.9647,170.5877,223.0535
2019-01-31,111.3922,153.7585,171.7009,223.898
2019-02-28,111.4885,153.4182,170.8007,220.819
2019-03-31,112.188,155.8066,175.3369,233.1274
2019-04-30,112.3937,155.731,174.4299,228.4932
2019-05-31,113.2056,158.5469,179.7469,244.1181
2019-06-30,113.7266,159.9265,181.9322,246.4334
2019-07-31,113.6541,159.6759,182.0027,247.0669
2019-08-31,114.5421,163.0159,189.1902,274.3549
2019-09-30,114.3885,162.0764,186.946,267.0022
2019-10-31,114.7463,162.5495,187.296,264.0287
2019-11-30,114.6916,161.9482,186.0096,262.9545
2019-12-31,114.869,161.6909,184.285,254.5502
2020-01-31,115.5341,164.6612,190.6719,274.128
2020-02-29,116.5467,167.776,196.3198,292.2934
2020-03-31,117.9967,171.9557,203.6288,310.9359
2020-04-30,118.3183,172.1653,204.1884,314.7198
2020-05-31,118.2262,172.715,204.8567,309.1717
2020-06-30,118.2536,172.9148,204.9446,310.2155
2020-07-31,118.3638,173.5799,206.6955,323.9741
2020-08-31,118.3371,173.107,204.6907,307.6266
2020-09-30,118.3359,173.2437,205.3612,310.0017
2020-10-31,118.2812,172.4849,202.5259,299.5071
2020-11-30,118.3067,172.7337,203.2109,304.489
2020-12-31,118.3544,172.9251,202.7259,300.7563
2021-01-31,118.3818,172.4439,200.5119,289.8304
2021-02-28,118.3134,170.5528,195.7723,273.2138
2021-03-31,118.2477,169.1183,191.1017,258.8867
2021-04-30,118.3153,169.9237,193.0141,265.3404
2021-05-31,118.387,170.4964,193.8347,265.346
2021-06-30,118.1841,170.2566,195.8162,277.0726
2021-07-31,118.3736,171.9323,199.713,287.3694
2021-08-31,118.3427,171.4857,198.9249,286.3882
2021-09-30,118.223,170.0862,195.7486,278.063
2021-10-31,117.826,168.7185,194.8813,284.9144
2021-11-30,117.7587,169.1999,197.0104,292.8139
2021-12-31,117.5086,168.531,195.9764,286.9145
2022-01-31,116.6981,166.121,191.8353,275.685
2022-02-28,116.1943,165.3495,191.2524,271.1846
2022-03-31,114.5659,160.0624,183.4842,256.4158
2022-04-30,113.9972,156.9085,175.7281,232.2497
2022-05-31,114.6763,158.045,176.8166,227.0235
2022-06-30,113.9945,156.8895,175.2915,224.1312
2022-07-31,114.4614,159.5721,180.4805,229.5752
2022-08-31,113.5346,155.3207,173.5234,219.1131
2022-09-30,112.1816,150.76,165.3095,201.0771
2022-10-31,112.0403,149.9954,162.9014,189.0772
2022-11-30,112.8173,153.3597,168.7855,202.5928
2022-12-31,112.9498,152.4996,166.2694,197.269
2023-01-31,113.8264,155.6986,172.2237,212.3475
2023-02-28,112.9093,152.2154,166.5884,202.0423
2023-03-31,114.7709,156.6669,172.7905,211.8249
2023-04-30,115.0508,157.6449,174.1967,212.5387
2023-05-31,114.618,156.1787,171.6954,206.1454
2023-06-30,114.0508,154.3033,169.5383,206.5909
2023-07-31,114.3981,154.4143,168.435,201.3372
2023-08-31,114.8675,154.3718,167.2056,195.0205
2023-09-30,114.7767,152.3952,161.9594,179.5219
2023-10-31,115.1593,151.5499,158.8405,169.7234
2023-11-30,116.3706,155.6396,166.0692,186.5537
2023-12-31,117.6526,159.2418,172.3245,202.7278
2024-01-31,118.0254,159.7312,172.4496,198.1763
2024-02-29,117.5677,157.5312,168.8554,193.7012
2024-03-31,117.9716,158.2059,170.0919,195.2143
2024-04-30,117.452,155.4625,164.7725,182.6247
2024-05-31,118.2958,157.5015,167.7364,187.8917
2024-06-30,118.9394,158.9859,169.7753,191.2961
2024-07-31,120.3434,162.4403,174.6982,198.2513
2024-08-31,121.4168,164.3289,177.0471,202.4308
2024-09-30,122.3555,165.9994,179.4917,206.4671
2024-10-31,121.592,162.4777,173.4096,195.1995
2024-11-30,121.9524,163.4421,175.1825,199.0871
2024-12-31,122.2596,162.1303,171.2297,186.3911
2025-01-31,122.722,162.9441,172.2854,187.3088
2025-02-28,123.6253,165.7434,177.1092,197.9749
2025-03-31,124.1701,166.6579,177.7137,195.5867
2025-04-30,125.1786,168.9161,179.5879,192.919
2025-05-31,124.8609,167.6906,177.365,186.7278
2025-06-30,125.5916,169.489,180.2085,191.7079
2025-07-31,125.4765,168.8652,179.1397,189.522
2025-08-31,126.5879,171.3381,182.085,189.5356
2025-09-30,126.9529,171.5808,183.2726,196.3475
2025-10-31,127.3765,172.4235,184.5752,199.0585
2025-11-30,127.935,173.6891,186.3989,199.6026
2025-12-31,128.312,173.4173,184.9847,194.3077
2026-01-31,128.5754,173.4173,184.5615,194.2408
2026-02-28,129.2592,175.9497,189.1213,203.2434
2026-03-31,128.6568,173.3374,184.7361,194.6519
2026-04-30,128.902,173.3254,184.4592,193.0177
2026-05-31,129.0004,173.1335,184.4246,194.0455
2026-06-30,129.0838,173.2513,184.8894,196.307
2026-07-31,129.2862,172.3531,182.3233,187.5295
2026-08-31,129.5088,172.4549,182.5338,188.9015
