date,LUATTRUU_OAD,SHY_OAD,IEI_OAD,IEF_OAD,TLT_OAD,LUATTRUU_PX
2005-11-30,5.014637,1.815527,3.84291,6.674244,13.016518,1398.22
2005-12-30,5.142257,1.784352,3.8104,6.624089,13.042941,1412.71
2006-01-31,5.057226,1.751012,3.77198,6.524964,12.870232,1408.5
2006-02-28,4.995565,1.802521,3.84048,6.612554,13.323799,1410.55
2006-03-31,5.021858,1.771188,3.80083,6.539211,13.005708,1395.33
2006-04-28,4.91148,1.742038,3.77018,6.456818,12.769369,1389.58
2006-05-31,4.828908,1.816657,3.85461,6.555439,12.778185,1390.04
2006-06-30,4.90517,1.781019,3.82134,6.491289,12.705646,1394.47
2006-07-31,4.878685,1.743674,3.79422,6.42973,12.735498,1411.74
2006-08-31,4.855532,1.833882,3.91553,6.698887,13.239909,1432.46
2006-09-29,5.017878,1.797949,3.89144,6.659175,13.248301,1445.76
2006-10-31,4.968417,1.758657,3.85926,6.575448,13.181654,1453.1
2006-11-30,4.935886,1.799402,3.96284,6.740295,13.446064,1468.28
2006-12-29,4.921313,1.758697,3.92006,6.658578,13.176405,1456.21
2007-01-31,4.83505,1.719518,3.87819,6.562487,13.008845,1453.89
2007-02-28,4.839188,1.795312,4.02402,6.692574,13.620641,1478.0
2007-03-30,4.934329,1.755975,3.99154,6.638504,13.447442,1477.28
2007-04-30,4.891729,1.720052,3.95874,6.559074,13.395737,1484.89
2007-05-31,4.768972,1.778679,3.98779,6.719163,13.318613,1471.56
2007-06-29,4.873359,1.745269,3.95151,6.662187,13.14657,1470.92
2007-07-31,4.875253,1.709275,3.92402,6.614622,13.236063,1495.31
2007-08-31,4.853575,1.740165,4.02847,6.809679,13.721232,1518.75
2007-09-28,4.961376,1.717967,4.00109,6.767589,13.636894,1526.94
2007-10-31,4.955498,1.69356,3.9634,6.689678,13.629602,1538.95
2007-11-30,5.027286,1.72637,4.08619,6.951565,14.375376,1586.18
2007-12-31,5.137785,1.704549,4.04418,6.894901,14.234366,1587.45
2008-01-31,5.179149,1.698015,4.04378,6.895406,14.3938,1627.75
2008-02-29,5.152445,1.746772,4.1989,7.103068,14.732548,1646.3
2008-03-31,5.261476,1.730176,4.16063,7.061961,14.68041,1657.72
2008-04-30,5.149508,1.707814,4.10675,6.912456,14.369638,1629.23
2008-05-30,5.024415,1.720148,4.13678,6.998336,14.261651,1610.21
2008-06-30,5.133822,1.708161,4.09519,6.957789,14.277331,1622.86
2008-07-31,5.062921,1.689416,4.06386,6.883863,14.176039,1629.72
2008-08-29,5.046807,1.754103,4.23164,7.020899,14.736105,1650.08
2008-09-30,5.195881,1.752048,4.20573,7.010138,14.634212,1660.18
2008-10-31,5.05328,1.738262,4.25172,7.045175,14.230115,1658.35
2008-11-28,5.276241,1.781039,4.32151,7.2769,15.500375,1746.36
2008-12-31,5.525171,1.802333,4.29609,7.259515,15.991731,1805.52
2009-01-30,5.241276,1.81194,4.2508,7.212665,15.268473,1752.87
2009-02-27,5.141687,1.888736,4.38857,7.332085,15.684335,1743.65
2009-03-31,5.334015,1.90093,4.41212,7.328974,16.166665,1781.64
2009-04-30,5.198015,1.905068,4.41943,7.287343,15.596968,1749.14
2009-05-29,5.066591,1.921338,4.52804,7.495003,15.508337,1731.49
2009-06-30,5.13126,1.917812,4.51339,7.443783,15.514002,1727.82
2009-07-31,5.118006,1.91052,4.48107,7.43209,15.536377,1735.05
2009-08-31,5.120272,1.942211,4.5638,7.54956,16.030444,1750.5
2009-09-30,5.212683,1.939381,4.55293,7.50905,16.12139,1764.12
2009-10-30,5.155809,1.931498,4.54542,7.470106,15.961085,1763.26
2009-11-30,5.182033,1.946506,4.64671,7.665283,16.302987,1787.81
2009-12-31,5.06322,1.935598,4.61119,7.559595,15.644893,1741.11
2010-01-29,5.096585,1.932956,4.60992,7.547646,15.855487,1768.63
2010-02-26,5.089078,1.963438,4.65882,7.648325,16.001828,1775.62
2010-03-31,5.08346,1.954251,4.63091,7.563458,15.75351,1760.58
2010-04-30,5.115632,1.947222,4.61858,7.520831,15.90969,1779.03
2010-05-31,5.174094,1.940758,4.66016,7.655341,16.564896,1809.46
2010-06-30,5.273126,1.930829,4.64955,7.629322,16.85776,1843.06
2010-07-30,5.262069,1.915045,4.63049,7.597176,16.867257,1855.63
2010-08-31,5.383744,1.933812,4.67796,7.703625,17.555534,1892.89
2010-09-30,5.395124,1.919484,4.66028,7.671379,17.410661,1893.29
2010-10-29,5.314645,1.899088,4.63908,7.643809,17.150652,1890.3
2010-11-30,5.260757,1.909492,4.66622,7.690377,17.027086,1877.09
2010-12-31,5.192168,1.89842,4.63184,7.625207,16.505685,1843.32
2011-01-31,5.154238,1.885552,4.59479,7.595794,16.290306,1842.86
2011-02-28,5.173921,1.904355,4.61679,7.671561,16.588106,1841.49
2011-03-31,5.214183,1.889998,4.57468,7.621574,16.452342,1840.37
2011-04-29,5.249351,1.880419,4.55146,7.609136,16.544793,1861.6
2011-05-31,5.331251,1.893387,4.58613,7.715429,16.931344,1890.67
2011-06-30,5.319309,1.885442,4.55537,7.69503,16.680533,1884.28
2011-07-29,5.404728,1.879626,4.52401,7.678971,17.001723,1918.62
2011-08-31,5.600103,1.90315,4.5711,7.755705,17.783368,1971.91
2011-09-30,5.858576,1.905541,4.5589,7.690307,18.118513,2006.35
2011-10-31,5.759373,1.906568,4.5508,7.653438,17.822665,1989.99
2011-11-30,5.830899,1.933549,4.60739,7.766026,18.109584,2004.84
2011-12-30,5.887549,1.933668,4.58774,7.727762,18.287816,2024.21
2012-01-31,5.832892,1.928387,4.56689,7.689392,18.281526,2032.77
2012-02-29,5.708387,1.950959,4.62542,7.787223,18.232647,2018.29
2012-03-30,5.589114,1.944562,4.6042,7.736167,17.911045,1998.04
2012-04-30,5.636394,1.936163,4.59318,7.703846,18.221403,2027.1
2012-05-31,5.740219,1.943346,4.63159,7.77545,18.802442,2061.85
2012-06-29,5.684724,1.92768,4.59517,7.727976,18.649696,2054.68
2012-07-31,5.699414,1.913,4.56649,7.681036,18.793655,2075.36
2012-08-31,5.61202,1.92954,4.60059,7.786471,18.863211,2072.69
2012-09-28,5.561684,1.91984,4.57278,7.736989,18.720943,2066.35
2012-10-31,5.495836,1.90861,4.53723,7.673204,18.649295,2062.85
2012-11-30,5.470647,1.9215,4.57187,7.769463,18.880967,2073.58
2012-12-31,5.41096,1.90545,4.52928,7.71172,18.674615,2064.56
2013-01-31,5.262387,1.89631,4.49547,7.653023,18.355061,2047.89
2013-02-28,5.243893,1.90977,4.54583,7.836649,18.566305,2058.71
2013-03-29,5.260921,1.89728,4.51909,7.805315,18.545419,2060.73
2013-04-30,5.321811,1.88832,4.49848,7.782831,18.721924,2079.05
2013-05-31,5.150856,1.90062,4.53405,7.868872,18.370119,2043.55
2013-06-28,5.087563,1.8965,4.51646,7.813364,18.021925,2021.06
2013-07-31,5.023783,1.89394,4.50627,7.781534,17.849771,2018.86
2013-08-30,4.976326,1.90878,4.54756,7.897116,17.847256,2009.05
2013-09-30,5.017263,1.90826,4.54051,7.859089,17.87281,2023.1
2013-10-31,5.021815,1.90532,4.5316,7.805207,17.894554,2032.86
2013-11-29,4.953217,1.9281,4.60947,7.955598,17.789024,2026.21
2013-12-31,4.925438,1.92304,4.59275,7.871475,17.485923,2007.83
2014-01-31,5.012445,1.91984,4.58423,7.803663,17.753833,2035.07
2014-02-28,5.017097,1.94899,4.64256,7.968112,17.916267,2040.61
2014-03-31,5.063642,1.94358,4.62423,7.886249,17.800201,2034.78
2014-04-30,5.092409,1.94243,4.61239,7.82951,17.817672,2046.01
2014-05-30,5.145608,1.9596,4.65613,7.933395,18.10227,2065.28
2014-06-30,5.177413,1.95375,4.6404,7.873146,17.978963,2062.34
2014-07-31,5.176416,1.94329,4.62048,7.799403,17.89233,2058.98
2014-08-29,5.255064,1.95969,4.67906,7.91369,18.251683,2080.7
2014-09-30,5.257346,1.95053,4.66331,7.862819,18.038943,2069.31
2014-10-31,5.316274,1.9396,4.65383,7.826201,18.172367,2089.47
2014-11-28,5.376568,1.95118,4.70965,7.980852,18.435615,2106.32
2014-12-31,5.479523,1.93461,4.68266,7.903549,18.473581,2109.32
2015-01-30,5.680867,1.91561,4.66478,7.884568,18.822257,2163.88
2015-02-27,5.563224,1.92084,4.69657,7.944866,18.630918,2130.46
2015-03-31,5.637414,1.90322,4.67427,7.911243,18.67561,2143.9
2015-04-30,5.57674,1.88833,4.65156,7.867065,18.493452,2132.62
2015-05-29,5.546683,1.89194,4.6698,7.919183,18.512991,2128.78
2015-06-30,5.510982,1.88012,4.64395,7.870888,18.24801,2109.99
2015-07-31,5.605019,1.86835,4.61393,7.812064,18.388842,2127.58
2015-08-31,5.618642,1.87445,4.62587,7.871635,18.45261,2128.51
2015-09-30,5.721344,1.87326,4.60974,7.838182,18.561884,2147.19
2015-10-30,5.718845,1.86522,4.57847,7.775077,18.42083,2139.33
2015-11-30,5.729218,1.88754,4.60398,7.820266,18.429571,2130.58
2015-12-31,5.76909,1.88308,4.57654,7.757485,18.328935,2127.09
2016-01-29,5.912628,1.88529,4.56631,7.737513,18.620374,2172.39
2016-02-29,6.010578,1.91086,4.62238,7.847825,18.990809,2191.75
2016-03-31,6.051893,1.90528,4.59714,7.802495,18.927873,2195.22
2016-04-29,6.045398,1.89965,4.56773,7.751069,18.834289,2192.91
2016-05-31,6.066004,1.91836,4.60206,7.814972,18.930311,2192.85
2016-06-30,6.279343,1.9182,4.58751,7.791808,19.242549,2241.26
2016-07-29,6.335411,1.91255,4.55818,7.732971,19.231633,2250.34
2016-08-31,6.297099,1.93615,4.59309,7.817351,19.169975,2237.97
2016-09-30,6.305985,1.93715,4.57219,7.778941,19.065009,2235.01
2016-10-31,6.191233,1.93315,4.54148,7.724718,18.793096,2210.41
2016-11-30,5.977264,1.95931,4.58026,7.804267,18.354598,2151.43
2016-12-30,5.997182,1.95431,4.55323,7.74722,18.238105,2149.16
2017-01-31,5.99501,1.94487,4.52789,7.691942,18.175254,2154.02
2017-02-28,6.024864,1.97483,4.58052,7.777455,18.371401,2164.65
2017-03-31,6.037639,1.96171,4.54932,7.718786,18.275608,2163.66
2017-04-28,6.066662,1.95483,4.52717,7.668428,18.322262,2178.69
2017-05-31,6.097903,1.96772,4.57467,7.767504,18.512151,2192.91
2017-06-30,6.120916,1.95387,4.54451,7.70465,18.373903,2189.36
2017-07-31,6.08799,1.94119,4.5204,7.654006,18.30174,2193.01
2017-08-31,6.159469,1.95563,4.57424,7.755031,18.562445,2216.75
2017-09-29,6.11624,1.94447,4.5432,7.688117,18.326664,2197.75
2017-10-31,6.095263,1.93211,4.51422,7.620697,18.227572,2195.09
2017-11-30,6.088139,1.95428,4.56844,7.716503,18.257706,2192.07
2017-12-29,6.153905,1.94134,4.53927,7.651685,18.21928,2198.84
2018-01-31,6.036715,1.92894,4.50302,7.571994,17.875175,2168.97
2018-02-28,5.951009,1.9585,4.56232,7.673808,17.827954,2152.63
2018-03-30,6.063286,1.94445,4.53345,7.618525,17.915263,2172.93
2018-04-30,5.981095,1.92763,4.50082,7.541984,17.678284,2155.33
2018-05-31,6.006119,1.94216,4.54715,7.640544,17.881715,2174.68
2018-06-29,6.031915,1.93055,4.51982,7.577081,17.790919,2175.13
2018-07-31,5.962363,1.91664,4.48899,7.508514,17.613688,2166.03
2018-08-31,5.984308,1.93626,4.5412,7.619442,17.801573,2182.6
2018-09-28,5.926445,1.92551,4.51094,7.551911,17.551647,2162.22
2018-10-31,5.82982,1.91148,4.48339,7.496194,17.380692,2151.89
2018-11-30,5.858487,1.93339,4.5396,7.600672,17.598021,2170.99
2018-12-31,6.028982,1.92471,4.5277,7.575665,17.839045,2217.7
2019-01-31,6.028434,1.91324,4.50488,7.523542,17.827502,2228.14
2019-02-28,5.977932,1.93234,4.55084,7.62359,17.869487,2222.1
2019-03-29,6.150084,1.9202,4.5352,7.59044,18.088633,2264.52
2019-04-30,6.0794,1.91163,4.51381,7.543969,17.940141,2258.24
2019-05-31,6.238859,1.92395,4.55882,7.645842,18.38835,2311.31
2019-06-28,6.315182,1.91522,4.5453,7.617376,18.461163,2332.64
2019-07-31,6.29717,1.90067,4.51447,7.548006,18.389276,2329.89
2019-08-30,6.571561,1.91873,4.56814,7.670057,18.946753,2409.1
2019-09-30,6.530496,1.90496,4.53793,7.61513,18.767029,2388.72
2019-10-31,6.486976,1.89742,4.51775,7.578105,18.703838,2390.35
2019-11-29,6.451534,1.91674,4.55518,7.670251,18.736531,2383.16
2019-12-31,6.412225,1.9053,4.5308,7.633467,18.573354,2369.78
2020-01-31,6.599439,1.89504,4.51281,7.602467,18.874912,2427.69
2020-02-28,6.794033,1.92657,4.58336,7.745911,19.372107,2492.04
2020-03-31,7.038565,1.89426,4.5854,7.75996,19.762848,2564.12
2020-04-30,7.003613,1.92694,4.55596,7.675175,19.915846,2580.43
2020-05-29,7.000844,1.94302,4.61318,7.797431,20.083236,2573.89
2020-06-30,7.067095,1.93333,4.59866,7.772634,20.071798,2576.3
2020-07-31,7.191361,1.92637,4.58606,7.740936,20.136026,2605.74
2020-08-31,7.05555,1.94744,4.64951,7.887961,20.143581,2577.2
2020-09-30,7.144782,1.94063,4.63856,7.870263,20.157045,2580.77
2020-10-30,7.041873,1.93327,4.62794,7.851901,19.977379,2556.44
2020-11-30,7.094439,1.96442,4.69504,7.997304,20.162893,2565.34
2020-12-31,7.131386,1.95612,4.68822,7.987964,20.082852,2559.4
2021-01-29,7.005044,1.95231,4.68252,7.972723,19.904125,2534.92
2021-02-26,6.834611,1.97929,4.74715,8.115372,19.790369,2488.92
2021-03-31,6.719042,1.96676,4.73235,8.092583,19.477478,2450.55
2021-04-30,6.775526,1.96347,4.72963,8.063707,19.554627,2468.93
2021-05-31,6.793005,1.97964,4.78431,8.205352,19.727972,2477.44
2021-06-30,6.934406,1.97251,4.76748,8.14226,19.795303,2493.36
2021-07-30,7.043787,1.96191,4.7545,8.106578,19.953876,2527.29
2021-08-31,7.032839,1.98296,4.8111,8.25204,20.052108,2522.86
2021-09-30,6.977835,1.97085,4.78878,8.205075,19.830869,2495.52
2021-10-29,7.011868,1.95563,4.76004,8.121008,19.729408,2493.76
2021-11-30,7.088537,1.97551,4.80721,8.250193,19.937445,2512.85
2021-12-31,7.074291,1.96028,4.77613,8.191249,19.848868,2499.95
2022-01-31,6.912215,1.93993,4.73176,8.104482,19.511641,2452.59
2022-02-28,6.866846,1.95337,4.75979,8.19619,19.5698,2436.43
2022-03-31,6.704392,1.92841,4.69222,8.056766,19.041336,2360.57
2022-04-29,6.41447,1.91055,4.64895,7.985321,18.487299,2287.44
2022-05-31,6.354186,1.920529,4.673271,8.056135,18.585818,2291.62
2022-06-30,6.330529,1.898489,4.616866,7.955711,18.37092,2271.46
2022-07-29,6.411816,1.883074,4.583146,7.899125,18.602944,2307.67
2022-08-31,6.239282,1.89465,4.580591,7.886493,18.224206,2250.42
2022-09-30,6.022518,1.874834,4.516286,7.755438,17.518725,2172.7
2022-10-31,5.863045,1.857298,4.470334,7.686195,17.167693,2142.42
2022-11-30,6.033485,1.880739,4.491185,7.717705,17.709309,2199.79
2022-12-30,6.016036,1.867326,4.454105,7.639961,17.462118,2188.39
2023-01-31,6.178254,1.86329,4.433416,7.59154,17.751907,2243.23
2023-02-28,6.017523,1.883933,4.444103,7.570634,17.418686,2190.74
2023-03-31,6.201839,1.881205,4.441811,7.570264,17.750429,2254.15
2023-04-28,6.209115,1.870314,4.411351,7.513059,17.73407,2266.23
2023-05-31,6.107431,1.881739,4.434551,7.534264,17.621582,2239.92
2023-06-30,6.121348,1.867714,4.386509,7.428707,17.386851,2223.1
2023-07-31,6.04578,1.854531,4.354392,7.373229,17.182374,2215.23
2023-08-31,5.950797,1.877957,4.403496,7.423214,17.138864,2203.75
2023-09-29,5.787475,1.867176,4.365326,7.353209,16.587532,2155.06
2023-10-31,5.636282,1.856912,4.333858,7.291431,16.164613,2129.02
2023-11-30,5.847851,1.882952,4.395876,7.377608,16.813548,2202.96
2023-12-29,6.107855,1.877787,4.382343,7.346069,17.233246,2277.09
2024-01-31,6.033348,1.867606,4.353476,7.289642,17.069908,2270.7
2024-02-29,5.931307,1.881915,4.383028,7.31982,16.915685,2240.91
2024-03-29,5.985827,1.867565,4.351853,7.262819,16.902727,2255.31
2024-04-30,5.773858,1.85724,4.310513,7.166828,16.350405,2202.82
2024-05-31,5.817514,1.872835,4.354857,7.254121,16.628882,2234.91
2024-06-28,5.876634,1.862944,4.332365,7.211346,16.629914,2257.45
2024-07-31,5.947226,1.855186,4.322098,7.195148,16.831253,2306.84
2024-08-30,5.96884,1.87106,4.374473,7.281898,17.065823,2336.35
2024-09-30,6.046374,1.869885,4.364091,7.25532,17.13851,2364.44
2024-10-31,5.854341,1.854873,4.31758,7.145249,16.581178,2308.14
2024-11-29,5.873394,1.871753,4.359145,7.212623,16.765375,2326.08
2024-12-31,5.741139,1.864177,4.330251,7.145548,16.328415,2290.24
2025-01-31,5.728984,1.858134,4.306231,7.091206,16.271461,2302.09
2025-02-28,5.848193,1.883471,4.36081,7.18051,16.689158,2351.72
2025-03-31,5.85054,1.878114,4.339073,7.135019,16.574852,2357.12
2025-04-30,5.815531,1.877286,4.3294,7.112255,16.482078,2372.05
2025-05-30,5.714988,1.890281,4.356677,7.174147,16.342231,2347.66
2025-06-30,5.79967,1.8843,4.338446,7.135488,16.406594,2377.11
2025-07-31,5.74713,1.870459,4.305456,7.058667,16.210151,2367.79
2025-08-29,5.741206,1.890956,4.35591,7.167313,16.403637,2392.78
2025-09-30,5.834986,1.885695,4.33725,7.106989,16.423143,2413.05
2025-10-31,5.839484,1.877621,4.316957,7.05205,16.386605,2427.94
2025-11-28,5.835408,1.896486,4.362844,7.167329,16.527171,2442.94
2025-12-31,5.809066,1.889273,4.342494,7.109519,16.325627,2434.87
2026-01-30,5.766265,1.878272,4.317909,7.045229,16.157597,2432.62
2026-02-27,5.864806,1.896754,4.369622,7.166516,16.52048,2476.84
2026-03-31,5.752187,1.879962,4.330778,7.065604,16.069473,2433.83
2026-04-30,5.711504,1.873167,4.310607,7.003834,15.915204,2432.04
2026-05-29,5.69651,1.878517,4.337998,7.069533,15.980444,2434.75
2026-06-30,5.73927,1.869459,4.311636,7.001989,15.899368,2441.65
2026-07-31,5.608102,1.855726,4.282183,6.929627,15.528624,2414.46
2026-08-31,5.600704,1.861435,4.310961,7.013627,15.63257,2421.9
2026-09-30,,,,,,
2026-09-30,5.46,1.83,3.7,6.89,15.06,2371.52
